Problem Name;Row Type;Title;Body Text;Answer;answerType;HintID;Dependency;mcChoices;Images (space delimited);Parent;OER src;openstax KC;KC;Taxonomy;License
trigmodel1;problem;Showing How the Properties of a Trigonometric Function Can Transform a Graph;;;;;;;;;https://openstax.org/books/precalculus-2e/pages/7-6-modeling-with-trigonometric-functions;;Modeling with Trigonometric Functions;;
trigmodel1;step;Determine the amplitude of the function $$y=2sin(4x−\frac{π}{2})+2.$$;;2;algebra;;;;;;;;;;
trigmodel1;hint;Finding amplitude given equation;Given an equation f(x) = Asin(B(x-C)) + D, the amplitude is |A|.;;;h1;;;;;;;;;
trigmodel1;scaffold;Identify A;What is the value of A in the given equation?;2;algebra;s1;h1;;;;;;;;
trigmodel1;step;Determine the period of the function $$y=2sin(4x−\frac{π}{2})+2.$$;;$$\frac{\pi}{2}$$;algebra;;;;;;;;;;
trigmodel1;hint;Finding period given equation;Given an equation f(x) = Asin(B(x-C)) + D, the period is 2pi/B.;;;h1;;;;;;;;;
trigmodel1;scaffold;Identify B;What is the value of B in the given equation?;4;algebra;s1;h1;;;;;;;;
trigmodel1;step;Determine the phase shift of the function $$y=2sin(4x−\frac{π}{2})+2.$$;;$$\frac{\pi}{8}$$;algebra;;;;;;;;;;
trigmodel1;hint;Finding phase shift given equation;Given an equation f(x) = Asin(B(x-C)) + D, the phase shift is C. Remember to factor B out of the argument.;;;h1;;;;;;;;;
trigmodel1;scaffold;Rewrite the argument;Rewrite $$4x - \frac{\pi}{2}$$ in the form $$B(x-C)$$. What is C?;$$\frac{\pi}{8}$$;algebra;s1;h1;;;;;;;;
trigmodel1;step;Determine the vertical shift of the function $$y=2sin(4x−\frac{π}{2})+2.$$;;2;algebra;;;;;;;;;;
trigmodel1;hint;Finding vertical shift given equation;Given an equation f(x) = Asin(B(x-C)) + D, the vertical shift is D.;;;h1;;;;;;;;;
trigmodel1;scaffold;Identify D;What is the value of D in the given equation?;2;algebra;s1;h1;;;;;;;;
;;;;;;;;;;;;;;;
trigmodel2;problem;Finding the Amplitude and Period of a Function;Find the amplitude and period of the following functions and graph one cycle.;;;;;;;;https://openstax.org/books/precalculus-2e/pages/7-6-modeling-with-trigonometric-functions;;Modeling with Trigonometric Functions;;
trigmodel2;step;What is the amplitude of the function $$y=2sin(\frac{1}{4}x)$$?;;2;algebra;;;;;;;;;;
trigmodel2;hint;Finding amplitude given equation;Given an equation f(x) = Asin(Bx) + C, the amplitude is |A|.;;;h1;;;;;;;;;
trigmodel2;scaffold;Identify A;What is the value of A in the given equation?;2;algebra;s1;h1;;;;;;;;
trigmodel2;step;What is the period of the function $$y=2sin(\frac{1}{4}x)$$?;;$$8\pi$$;algebra;;;;;;;;;;
trigmodel2;hint;Finding period given equation;Given an equation f(x) = Asin(Bx) + C, the period is 2pi/B.;;;h1;;;;;;;;;
trigmodel2;scaffold;Identify B;What is the value of B in the given equation?;$$\frac{1}{4}$$;algebra;s1;h1;;;;;;;;
trigmodel2;step;What is the amplitude of the function $$y=−3sin(2x+\frac{π}{2})$$?;;3;algebra;;;;;;;;;;
trigmodel2;hint;Finding amplitude given equation;Given an equation f(x) = Asin(B(x-C)) + D, the amplitude is |A|.;;;h1;;;;;;;;;
trigmodel2;scaffold;Identify A;What is the value of A in the given equation?;-3;algebra;s1;h1;;;;;;;;
trigmodel2;step;What is the period of the function $$y=−3sin(2x+\frac{π}{2})$$?;;$$\pi$$;algebra;;;;;;;;;;
trigmodel2;hint;Finding period given equation;Given an equation f(x) = Asin(B(x-C)) + D, the period is 2pi/B.;;;h1;;;;;;;;;
trigmodel2;scaffold;Identify B;What is the value of B in the given equation?;2;algebra;s1;h1;;;;;;;;
trigmodel2;step;What is the amplitude of the function $$y=cosx+3$$?;;1;algebra;;;;;;;;;;
trigmodel2;hint;Finding amplitude given equation;Given an equation f(x) = Acos(Bx) + D, the amplitude is |A|.;;;h1;;;;;;;;;
trigmodel2;scaffold;Identify A;What is the value of A in the given equation?;1;algebra;s1;h1;;;;;;;;
trigmodel2;step;What is the period of the function $$y=cosx+3$$?;;$$2\pi$$;algebra;;;;;;;;;;
trigmodel2;hint;Finding period given equation;Given an equation f(x) = Acos(Bx) + D, the period is 2pi/B.;;;h1;;;;;;;;;
trigmodel2;scaffold;Identify B;What is the value of B in the given equation?;1;algebra;s1;h1;;;;;;;;
;;;;;;;;;;;;;;;
trigmodel3;problem;Graphing Sinusoidal Functions Using Key Points;;;;;;;;;https://openstax.org/books/precalculus-2e/pages/7-6-modeling-with-trigonometric-functions;;Modeling with Trigonometric Functions;;
trigmodel3;step;What is the amplitude of the function $$y=−4cos(πx)$$?;;4;algebra;;;;;;;;;;
trigmodel3;hint;Finding amplitude given equation;Given an equation f(x) = Acos(Bx) + D, the amplitude is |A|.;;;h1;;;;;;;;;
trigmodel3;scaffold;Identify A;What is the value of A in the given equation?;-4;algebra;s1;h1;;;;;;;;
trigmodel3;step;What is the period of the function $$y=−4cos(πx)$$?;;2;algebra;;;;;;;;;;
trigmodel3;hint;Finding period given equation;Given an equation f(x) = Acos(Bx) + D, the period is 2pi/B.;;;h1;;;;;;;;;
trigmodel3;scaffold;Identify B;What is the value of B in the given equation?;$$\pi$$;algebra;s1;h1;;;;;;;;
trigmodel3;step;What is the y-intercept of the function $$y=−4cos(πx)$$?;;(0, -4);algebra;;;;;;;;;;
trigmodel3;hint;Finding y-intercept;To find the y-intercept, set x=0 in the function and evaluate y.;;;h1;;;;;;;;;
trigmodel3;scaffold;Evaluate at x=0;What is the value of $$y$$ when $$x=0$$ for the function $$y=−4cos(πx)$$?;-4;algebra;s1;h1;;;;;;;;
trigmodel4;problem;Modeling an Equation and Sketching a Sinusoidal Graph to Fit Criteria;;;;;;;;;https://openstax.org/books/precalculus-2e/pages/7-6-modeling-with-trigonometric-functions;;Modeling with Trigonometric Functions;;
trigmodel4;step;Find a sinusoidal function of the form $$y=Asin(Bt−C)+D$$ that fits the given data.;;$$y=13.3sin(\frac{\pi}{6} t - \frac{5\pi}{6})+55.8$$;algebra;;;;;;;;;;
trigmodel4;hint;Identify the key parameters (A, D) from the data.;Recall that the midline D is the average of the maximum and minimum values, and the amplitude A is half the difference between the maximum and minimum values.;;;h1;;;;;;;;;
trigmodel4;scaffold;What is the midline (D) of the data?;(Max + Min) / 2;55.8;numeric;s1;h1;;;;;;;;
trigmodel4;scaffold;What is the amplitude (A) of the data?;(Max - Min) / 2;13.3;numeric;s2;h1;;;;;;;;
trigmodel4;hint;Determine the period and B value.;The period is the length of one full cycle. For a function of the form $$y=Asin(Bt−C)+D$$, the period is $$2\pi/B$$.;;;h2;;;;;;;;;
trigmodel4;scaffold;What is the period of the data?;The data covers 12 months for one full cycle.;12;numeric;s3;h2;;;;;;;;
trigmodel4;scaffold;Use the period to find B.;$$B = 2\pi / \text{Period}$$;$$\frac{\pi}{6}$$;algebra;s4;h2;;;;;;;;
trigmodel4;hint;Determine the phase shift (C).;For a sine function $$y=Asin(B(t-t_{shift}))+D$$, $$t_{shift}$$ is the time when the function crosses the midline going upwards. Then $$C = B \cdot t_{shift}$$.;;;h3;;;;;;;;;
trigmodel4;scaffold;Identify the time (t) when the function crosses the midline going upwards.;The minimum is at t=2 (February) and the maximum is at t=8 (August). The midline crossing going up occurs 1/4 of a period after the minimum.;5;numeric;s5;h3;;;;;;;;
trigmodel4;scaffold;Use the phase shift time to find C in the form $$y=Asin(Bt−C)+D$$.;If the function is $$y=Asin(B(t-t_{shift}))+D$$, then $$C = B \cdot t_{shift}$$. Substitute the value of B and the identified $$t_{shift}$$.;$$\frac{5\pi}{6}$$;algebra;s6;h3;;;;;;;;
;;;;;;;;;;;;;;;
trigmodel5;problem;Describing Periodic Motion;;;;;;;;;https://openstax.org/books/precalculus-2e/pages/7-6-modeling-with-trigonometric-functions;;Modeling with Trigonometric Functions;;
trigmodel5;step;Find the equation that models the motion of the clock, where $$y$$ is the distance from the tip of the hour hand to the ceiling $$x$$ hours after noon.;;$$y = -24cos(\frac{\pi}{6} x) + 54$$;algebra;;;;;;;;;;
trigmodel5;hint;Identify the key parameters (A, D) from the data.;Recall that the midline D is the average of the maximum and minimum values, and the amplitude A is half the difference between the maximum and minimum values.;;;h1;;;;;;;;;
trigmodel5;scaffold;What is the midline (D) of the data?;(Max + Min) / 2;54;numeric;s1;h1;;;;;;;;
trigmodel5;scaffold;What is the amplitude (A) of the data?;(Max - Min) / 2;24;numeric;s2;h1;;;;;;;;
trigmodel5;hint;Determine the period and B value.;The period is the length of one full cycle. For a function of the form $$y=Acos(B(x-C))+D$$, the period is $$2\pi/B$$.;;;h2;;;;;;;;;
trigmodel5;scaffold;What is the period of the motion?;The cycle repeats every 12 hours.;12;numeric;s3;h2;;;;;;;;
trigmodel5;scaffold;Use the period to find B.;$$B = 2\pi / \text{Period}$$;$$\frac{\pi}{6}$$;algebra;s4;h2;;;;;;;;
trigmodel5;hint;Determine the phase shift (C) and the form of the function.;Observe the starting point of the cycle (at x=0) to decide if it's a positive cosine, negative cosine, positive sine, or negative sine function, and its corresponding phase shift.;;;h3;;;;;;;;;
trigmodel5;scaffold;Does the function start at a maximum, minimum, or midline at $$x=0$$?;At noon (x=0), the tip is 30 inches from the ceiling, which is the minimum value.;Minimum;mc;s5;h3;Maximum|Minimum|Midline;;;;;;;
trigmodel5;scaffold;What is the phase shift (C) for a negative cosine function starting at a minimum at $$x=0$$?;For $$y=-Acos(B(x-C))+D$$, if the minimum is at $$x=0$$, then $$C=0$$.;0;numeric;s6;h3;;;;;;;;
trigmodel6;problem;Determining a Model for Tides;;;;;;;;;https://openstax.org/books/precalculus-2e/pages/7-6-modeling-with-trigonometric-functions;;Modeling with Trigonometric Functions;;
trigmodel6;step;Find an equation to model the water levels, where $$t$$ is the number of hours after 6 AM.;;$$y = -4cos(\frac{\pi}{6} t) + 11$$;algebra;;;;;;;;;;
trigmodel6;hint;Identify the key parameters (A, D) from the data.;Recall that the midline D is the average of the maximum and minimum values, and the amplitude A is half the difference between the maximum and minimum values.;;;h1;;;;;;;;;
trigmodel6;scaffold;What is the midline (D) of the water levels?;(Max + Min) / 2;11;numeric;s1;h1;;;;;;;;
trigmodel6;scaffold;What is the amplitude (A) of the water levels?;(Max - Min) / 2;4;numeric;s2;h1;;;;;;;;
trigmodel6;hint;Determine the period and B value.;The period is the length of one full cycle. For a function of the form $$y=Acos(B(t-C))+D$$, the period is $$2\pi/B$$.;;;h2;;;;;;;;;
trigmodel6;scaffold;What is the period of the tide cycle?;The cycle repeats approximately every 12 hours.;12;numeric;s3;h2;;;;;;;;
trigmodel6;scaffold;Use the period to find B.;$$B = 2\pi / \text{Period}$$;$$\frac{\pi}{6}$$;algebra;s4;h2;;;;;;;;
trigmodel6;hint;Determine the phase shift (C) and the form of the function.;Observe the starting point of the cycle (at t=0, which is 6 AM) to decide if it's a positive cosine, negative cosine, positive sine, or negative sine function, and its corresponding phase shift.;;;h3;;;;;;;;;
trigmodel6;scaffold;Does the function start at a maximum, minimum, or midline at $$t=0$$?;At 6 AM (t=0), low tide occurred, which is the minimum value.;Minimum;mc;s5;h3;Maximum|Minimum|Midline;;;;;;;
trigmodel6;scaffold;What is the phase shift (C) for a negative cosine function starting at a minimum at $$t=0$$?;For $$y=-Acos(B(t-C))+D$$, if the minimum is at $$t=0$$, then $$C=0$$.;0;numeric;s6;h3;;;;;;;;
;;;;;;;;;;;;;;;
trigmodel7;problem;Interpreting the Periodic Behavior Equation;;;;;;;;;https://openstax.org/books/precalculus-2e/pages/7-6-modeling-with-trigonometric-functions;;Modeling with Trigonometric Functions;;
trigmodel7;step;Determine the period of the function $$f(t)=20sin(160πt)+100$$.;;1/80;numeric;;;;;;;;;;
trigmodel7;hint;Recall the period formula;For a sinusoidal function $$f(t) = A\sin(Bt) + D$$, the period is given by $$T = \frac{2\pi}{|B|}$$.;;;h1;;;;;;;;;
trigmodel7;scaffold;Identify B;What is the value of $$B$$ in the given function $$f(t)=20sin(160πt)+100$$?;160π;7;s1;h1;;;;;;;;
trigmodel7;step;Determine the frequency of the function $$f(t)=20sin(160πt)+100$$.;;80;numeric;;;;;;;;;;
trigmodel7;hint;Recall the frequency formula;The frequency $$f$$ is the reciprocal of the period $$T$$, so $$f = \frac{1}{T}$$ or $$f = \frac{|B|}{2\pi}$$.;;;h1;;;;;;;;;
trigmodel7;scaffold;Recall the period;What is the period $$T$$ of the function $$f(t)=20sin(160πt)+100$$?;1/80;numeric;s1;h1;;;;;;;;
trigmodel7;step;What is the range of the average person's blood pressure modeled by the function $$f(t)=20sin(160πt)+100$$?;;[80, 120];algebra;;;;;;;;;;
trigmodel7;hint;Identify amplitude and vertical shift;For a sinusoidal function $$f(t) = A\sin(Bt) + D$$, the amplitude is $$|A|$$ and the vertical shift is $$D$$. The range of the function is $$[D-|A|, D+|A|]$$.;;;h1;;;;;;;;;
trigmodel7;scaffold;Identify A and D;What are the values of $$A$$ and $$D$$ in the function $$f(t)=20sin(160πt)+100$$?;A=20, D=100;mc;s1;h1;A=20, D=100|A=160π, D=100|A=100, D=20|A=20, D=160π;;;;;;;
;;;;;;;;;;;;;;;
trigmodel8;problem;Finding the Displacement, Period, and Frequency, and Graphing a Function;For the following functions:;;;;;;;;https://openstax.org/books/precalculus-2e/pages/7-6-modeling-with-trigonometric-functions;;Modeling with Trigonometric Functions;;
trigmodel8;step;Determine the period of the function $$y=5sin(3t)$$.;;2π/3;algebra;;;;;;;;;;
trigmodel8;hint;Period formula;For $$y = A\sin(Bt-C) + D$$, the period is $$T = \frac{2\pi}{|B|}$$.;;;h1;;;;;;;;;
trigmodel8;scaffold;Identify B;What is $$B$$ in $$y=5sin(3t)$$?;3;numeric;s1;h1;;;;;;;;
trigmodel8;step;Determine the frequency of the function $$y=5sin(3t)$$.;;3/(2π);algebra;;;;;;;;;;
trigmodel8;hint;Frequency formula;Frequency $$f = \frac{1}{T}$$ or $$f = \frac{|B|}{2\pi}$$.;;;h1;;;;;;;;;
trigmodel8;scaffold;Recall the period;What is the period $$T$$ of $$y=5sin(3t)$$?;2π/3;algebra;s1;h1;;;;;;;;
trigmodel8;hint;Vertical shift formula;For $$y = A\sin(Bt-C) + D$$, the vertical shift is $$D$$.;;;h1;;;;;;;;;
trigmodel8;scaffold;Identify D;What is $$D$$ in $$y=5sin(3t)$$?;0;numeric;s1;h1;;;;;;;;
trigmodel8;step;Determine the period of the function $$y=6cos(πt)$$.;;2;numeric;;;;;;;;;;
trigmodel8;hint;Period formula;For $$y = A\cos(Bt-C) + D$$, the period is $$T = \frac{2\pi}{|B|}$$.;;;h1;;;;;;;;;
trigmodel8;scaffold;Identify B;What is $$B$$ in $$y=6cos(πt)$$?;π;algebra;s1;h1;;;;;;;;
trigmodel8;step;Determine the frequency of the function $$y=6cos(πt)$$.;;1/2;numeric;;;;;;;;;;
trigmodel8;hint;Frequency formula;Frequency $$f = \frac{1}{T}$$ or $$f = \frac{|B|}{2\pi}$$.;;;h1;;;;;;;;;
trigmodel8;scaffold;Recall the period;What is the period $$T$$ of $$y=6cos(πt)$$?;2;numeric;s1;h1;;;;;;;;
trigmodel8;step;Determine the phase shift of the function $$y=6cos(πt)$$.;;0;numeric;;;;;;;;;;
trigmodel8;hint;Phase shift formula;For $$y = A\cos(B(t-C)) + D$$, the phase shift is $$C$$. If the function is in the form $$A\cos(Bt-C')$$, then $$C = C'/B$$.;;;h1;;;;;;;;;
trigmodel8;scaffold;Identify C;Rewrite $$y=6cos(πt)$$ in the form $$y = A\cos(B(t-C)) + D$$. What is $$C$$?;0;numeric;s1;h1;;;;;;;;
trigmodel8;step;Determine the vertical shift of the function $$y=6cos(πt)$$.;;0;numeric;;;;;;;;;;
trigmodel8;hint;Vertical shift formula;For $$y = A\cos(Bt-C) + D$$, the vertical shift is $$D$$.;;;h1;;;;;;;;;
trigmodel8;scaffold;Identify D;What is $$D$$ in $$y=6cos(πt)$$?;0;numeric;s1;h1;;;;;;;;
trigmodel8;step;Determine the period of the function $$y=5cos(\frac{π}{2}t)$$.;;4;numeric;;;;;;;;;;
trigmodel8;hint;Period formula;For $$y = A\cos(Bt-C) + D$$, the period is $$T = \frac{2\pi}{|B|}$$.;;;h1;;;;;;;;;
trigmodel8;scaffold;Identify B;What is $$B$$ in $$y=5cos(\frac{π}{2}t)$$?;π/2;algebra;s1;h1;;;;;;;;
trigmodel8;step;Determine the frequency of the function $$y=5cos(\frac{π}{2}t)$$.;;1/4;numeric;;;;;;;;;;
trigmodel8;hint;Frequency formula;Frequency $$f = \frac{1}{T}$$ or $$f = \frac{|B|}{2\pi}$$.;;;h1;;;;;;;;;
trigmodel8;scaffold;Recall the period;What is the period $$T$$ of $$y=5cos(\frac{π}{2}t)$$?;4;numeric;s1;h1;;;;;;;;
trigmodel8;step;Determine the phase shift of the function $$y=5cos(\frac{π}{2}t)$$.;;0;numeric;;;;;;;;;;
trigmodel8;hint;Phase shift formula;For $$y = A\cos(B(t-C)) + D$$, the phase shift is $$C$$. If the function is in the form $$A\cos(Bt-C')$$, then $$C = C'/B$$.;;;h1;;;;;;;;;
trigmodel8;scaffold;Identify C;Rewrite $$y=5cos(\frac{π}{2}t)$$ in the form $$y = A\cos(B(t-C)) + D$$. What is $$C$$?;0;numeric;s1;h1;;;;;;;;
trigmodel8;step;Determine the vertical shift of the function $$y=5cos(\frac{π}{2}t)$$.;;0;numeric;;;;;;;;;;
trigmodel8;hint;Vertical shift formula;For $$y = A\cos(Bt-C) + D$$, the vertical shift is $$D$$.;;;h1;;;;;;;;;
trigmodel8;scaffold;Identify D;What is $$D$$ in $$y=5cos(\frac{π}{2}t)$$?;0;numeric;s1;h1;;;;;;;;
;;;;;;;;;;;;;;;
trigmodel9;problem;Modeling Damped Harmonic Motion;;;;;;;;;https://openstax.org/books/precalculus-2e/pages/7-6-modeling-with-trigonometric-functions;;Modeling with Trigonometric Functions;;
trigmodel9;step;Model the equation for the first mass-spring system with a frequency of $$0.5$$ cycles per second, an initial displacement of 10 cm, and a damping factor of $$0.5$$.;;$$f(t)=10e^{-0.5t}\cos(\pi t)$$;algebra;;;;;;;;;;
trigmodel9;hint;Damped harmonic motion formula;The general form for damped harmonic motion is $$f(t) = Ae^{-ct}\cos(\omega t)$$ or $$f(t) = Ae^{-ct}\sin(\omega t)$$. Use cosine for initial displacement at $$t=0$$.;;;h1;;;;;;;;;
trigmodel9;scaffold;Identify A and c;What are the initial displacement $$A$$ and the damping factor $$c$$?;A=10, c=0.5;algebra;s1;h1;;;;;;;;
trigmodel9;hint;Calculate angular frequency;The angular frequency $$\omega$$ is related to the frequency $$f$$ by the formula $$\omega = 2\pi f$$.;;;h2;h1;;;;;;;;
trigmodel9;scaffold;Calculate ω;Given a frequency of $$0.5$$ cycles per second, what is the angular frequency $$\omega$$?;π;algebra;s2;h2;;;;;;;;
trigmodel9;step;Model the equation for the second mass-spring system with a frequency of $$0.5$$ cycles per second, an initial displacement of 10 cm, and a damping factor of $$0.1$$.;;$$f(t)=10e^{-0.1t}\cos(\pi t)$$;algebra;;;;;;;;;;
trigmodel9;hint;Damped harmonic motion formula;The general form for damped harmonic motion is $$f(t) = Ae^{-ct}\cos(\omega t)$$ or $$f(t) = Ae^{-ct}\sin(\omega t)$$. Use cosine for initial displacement at $$t=0$$.;;;h1;;;;;;;;;
trigmodel9;scaffold;Identify A and c;What are the initial displacement $$A$$ and the damping factor $$c$$ for this scenario?;A=10, c=0.1;algebra;s1;h1;;;;;;;;
trigmodel9;hint;Calculate angular frequency;The angular frequency $$\omega$$ is related to the frequency $$f$$ by the formula $$\omega = 2\pi f$$. This value is the same as the previous step.;;;h2;h1;;;;;;;;
trigmodel9;scaffold;Calculate ω;Given a frequency of $$0.5$$ cycles per second, what is the angular frequency $$\omega$$?;π;algebra;s2;h2;;;;;;;;
;;;;;;;;;;;;;;;
trigmodel10;problem;Finding a Cosine Function that Models Damped Harmonic Motion;Find and graph a function of the form $$y=ae^{−ct}cos(ωt)$$ that models the information given.;;;;;;;;https://openstax.org/books/precalculus-2e/pages/7-6-modeling-with-trigonometric-functions;;Modeling with Trigonometric Functions;;
trigmodel10;step;Find the function of the form $$y=ae^{−ct}cos(ωt)$$ given $$a=20,c=0.05,p=4$$.;;$$y=20e^{-0.05t}cos\left(\frac{\pi}{2}t\right)$$;algebra;;;;;;;;;;
trigmodel10;hint;Identify known parameters;The general form is $$y=ae^{−ct}cos(ωt)$$. Identify the values of $$a$$ and $$c$$ directly from the given information.;;;h1;;;;;;;;;
trigmodel10;scaffold;What are a and c?;What are the values of $$a$$ and $$c$$?;$$a=20, c=0.05$$;algebra;s1;h1;;;;;;;;
trigmodel10;hint;Calculate angular frequency;The period $$p$$ is given. Recall the relationship between period and angular frequency $$ω$$.;;;h2;h1;;;;;;;;
trigmodel10;scaffold;Formula for omega;What is the formula relating period $$p$$ and angular frequency $$ω$$?;$$p=\frac{2\pi}{\omega}$$;algebra;s2;h2;;;;;;;;
trigmodel10;hint;Substitute and solve for omega;Use the given period $$p=4$$ and the formula to find $$ω$$.;;;h3;h2;;;;;;;;
trigmodel10;scaffold;Calculate omega;What is the value of $$ω$$?;$$\frac{\pi}{2}$$;algebra;s3;h3;;;;;;;;
trigmodel10;step;Find the function of the form $$y=ae^{−ct}cos(ωt)$$ given $$a=2,c=1.5,f=3$$.;;$$y=2e^{-1.5t}cos(6\pi t)$$;algebra;;;;;;;;;;
trigmodel10;hint;Identify known parameters;The general form is $$y=ae^{−ct}cos(ωt)$$. Identify the values of $$a$$ and $$c$$ directly from the given information.;;;h1;;;;;;;;;
trigmodel10;scaffold;What are a and c?;What are the values of $$a$$ and $$c$$?;$$a=2, c=1.5$$;algebra;s1;h1;;;;;;;;
trigmodel10;hint;Calculate angular frequency;The frequency $$f$$ is given. Recall the relationship between frequency and angular frequency $$ω$$.;;;h2;h1;;;;;;;;
trigmodel10;scaffold;Formula for omega;What is the formula relating frequency $$f$$ and angular frequency $$ω$$?;$$f=\frac{\omega}{2\pi}$$;algebra;s2;h2;;;;;;;;
trigmodel10;hint;Substitute and solve for omega;Use the given frequency $$f=3$$ and the formula to find $$ω$$.;;;h3;h2;;;;;;;;
trigmodel10;scaffold;Calculate omega;What is the value of $$ω$$?;$$6\pi$$;algebra;s3;h3;;;;;;;;
;;;;;;;;;;;;;;;
trigmodel11;problem;Finding a Sine Function that Models Damped Harmonic Motion;Find and graph a function of the form $$y=ae^{−ct}sin(ωt)$$ that models the information given.;;;;;;;;https://openstax.org/books/precalculus-2e/pages/7-6-modeling-with-trigonometric-functions;;Modeling with Trigonometric Functions;;
trigmodel11;step;Find the function of the form $$y=ae^{−ct}sin(ωt)$$ given $$a=7,c=10,p=\frac{π}{6}$$.;;$$y=7e^{-10t}sin(12t)$$;algebra;;;;;;;;;;
trigmodel11;hint;Identify known parameters;The general form is $$y=ae^{−ct}sin(ωt)$$. Identify the values of $$a$$ and $$c$$ directly from the given information.;;;h1;;;;;;;;;
trigmodel11;scaffold;What are a and c?;What are the values of $$a$$ and $$c$$?;$$a=7, c=10$$;algebra;s1;h1;;;;;;;;
trigmodel11;hint;Calculate angular frequency;The period $$p$$ is given. Recall the relationship between period and angular frequency $$ω$$.;;;h2;h1;;;;;;;;
trigmodel11;scaffold;Formula for omega;What is the formula relating period $$p$$ and angular frequency $$ω$$?;$$p=\frac{2\pi}{\omega}$$;algebra;s2;h2;;;;;;;;
trigmodel11;hint;Substitute and solve for omega;Use the given period $$p=\frac{\pi}{6}$$ and the formula to find $$ω$$.;;;h3;h2;;;;;;;;
trigmodel11;scaffold;Calculate omega;What is the value of $$ω$$?;$$12$$;algebra;s3;h3;;;;;;;;
trigmodel11;step;Find the function of the form $$y=ae^{−ct}sin(ωt)$$ given $$a=0.3,c=0.2,f=20$$.;;$$y=0.3e^{-0.2t}sin(40\pi t)$$;algebra;;;;;;;;;;
trigmodel11;hint;Identify known parameters;The general form is $$y=ae^{−ct}sin(ωt)$$. Identify the values of $$a$$ and $$c$$ directly from the given information.;;;h1;;;;;;;;;
trigmodel11;scaffold;What are a and c?;What are the values of $$a$$ and $$c$$?;$$a=0.3, c=0.2$$;algebra;s1;h1;;;;;;;;
trigmodel11;hint;Calculate angular frequency;The frequency $$f$$ is given. Recall the relationship between frequency and angular frequency $$ω$$.;;;h2;h1;;;;;;;;
trigmodel11;scaffold;Formula for omega;What is the formula relating frequency $$f$$ and angular frequency $$ω$$?;$$f=\frac{\omega}{2\pi}$$;algebra;s2;h2;;;;;;;;
trigmodel11;hint;Substitute and solve for omega;Use the given frequency $$f=20$$ and the formula to find $$ω$$.;;;h3;h2;;;;;;;;
trigmodel11;scaffold;Calculate omega;What is the value of $$ω$$?;$$40\pi$$;algebra;s3;h3;;;;;;;;
;;;;;;;;;;;;;;;
trigmodel12;problem;Modeling the Oscillation of a Spring;;;;;;;;;https://openstax.org/books/precalculus-2e/pages/7-6-modeling-with-trigonometric-functions;;Modeling with Trigonometric Functions;;
trigmodel12;step;Find an equation that models the position of the spring $$t$$ seconds after being released.;;$$y=5e^{-(-\ln(0.7))t}cos\left(\frac{2\pi}{3}t\right)$$;algebra;;;;;;;;;;
trigmodel12;hint;Identify the general form;The problem describes damped harmonic motion. Recall the general form for such a function, typically $$y=ae^{−ct}cos(ωt)$$ or $$y=ae^{−ct}sin(ωt)$$. Since the spring is compressed and released, it starts at maximum displacement, suggesting a cosine function.;;;h1;;;;;;;;;
trigmodel12;scaffold;What is the initial amplitude?;What is the initial displacement (amplitude) $$a$$ when the spring is released?;$$5$$;numeric;s1;h1;;;;;;;;
trigmodel12;hint;Determine angular frequency;The problem states the oscillation period. Use this to find the angular frequency $$ω$$.;;;h2;h1;;;;;;;;
trigmodel12;scaffold;Calculate omega;Given that it oscillates once every 3 seconds (period $$p=3$$), what is $$ω$$?;$$\frac{2\pi}{3}$$;algebra;s2;h2;;;;;;;;
trigmodel12;hint;Determine the damping constant;The amplitude decreases by 30% every second. This information helps determine the damping constant $$c$$ in the $$e^{-ct}$$ term.;;;h3;h2;;;;;;;;
trigmodel12;scaffold;Calculate c;If the amplitude decreases by 30% each second, what is the value of $$e^{-c}$$ for $$t=1$$? Then solve for $$c$$.;$$-\ln(0.7)$$;algebra;s3;h3;;;;;;;;
;;;;;;;;;;;;;;;
trigmodel13;problem;Finding the Value of the Damping Constant c According to the Given Criteria;;;;;;;;;https://openstax.org/books/precalculus-2e/pages/7-6-modeling-with-trigonometric-functions;;Modeling with Trigonometric Functions;;
trigmodel13;step;Find the damping constant c for the given damped harmonic motion.;;ln(2)/3;numeric;;;;;;;;;;
trigmodel13;hint;Damped Harmonic Motion Formula;The general form for damped harmonic motion is f(t) = ae^(-ct)cos(ωt) or f(t) = ae^(-ct)sin(ωt). For problems where the initial displacement is given as a maximum, we often use f(t) = ae^(-ct) to model the envelope of the damping.;;;h1;;;;;;;;;
trigmodel13;scaffold;Identify Initial Amplitude;What is the initial displacement of the string from its resting position?;2;numeric;s1;h1;;;;;;;;
trigmodel13;hint;Set up the Equation;Substitute the known values (initial amplitude, time, and displacement at that time) into the envelope equation f(t) = ae^(-ct).;;;h2;h1;;;;;;;;
trigmodel13;scaffold;Formulate the Equation;If a=2, t=3, and f(3)=1, what is the equation you need to solve for c?;1 = 2e^(-3c);algebra;s2;h2;;;;;;;;
trigmodel13;hint;Solve for c;Use logarithms to isolate c.;;;h3;h2;;;;;;;;
trigmodel13;scaffold;Calculate Damping Constant;What is the value of c?;ln(2)/3;numeric;s3;h3;;;;;;;;
;;;;;;;;;;;;;;;
trigmodel14;problem;Graphing an Oscillating Cosine Curve;;;;;;;;;https://openstax.org/books/precalculus-2e/pages/7-6-modeling-with-trigonometric-functions;;Modeling with Trigonometric Functions;;
trigmodel14;step;Rewrite the function $$f(x)=cos(2πx)cos(16πx)$$ using a product-to-sum formula.;;1/2(cos(14πx) + cos(18πx));algebra;;;;;;;;;;
trigmodel14;hint;Product-to-Sum Identity;Recall the product-to-sum identity for two cosine functions: cos(A)cos(B) = 1/2 [cos(A-B) + cos(A+B)].;;;h1;;;;;;;;;
trigmodel14;scaffold;Identify A and B;In the given function f(x) = cos(2πx)cos(16πx), what are the expressions for A and B?;A=16πx, B=2πx;algebra;s1;h1;;;;;;;;
trigmodel14;hint;Calculate A-B and A+B;Determine the arguments for the sum and difference of the angles.;;;h2;h1;;;;;;;;
trigmodel14;scaffold;Compute Arguments;What are A-B and A+B?;14πx, 18πx;algebra;s2;h2;;;;;;;;
trigmodel14;hint;Form the Final Expression;Substitute the calculated values into the product-to-sum formula.;;;h3;h2;;;;;;;;
trigmodel14;scaffold;State the Rewritten Function;What is the function f(x) rewritten using the product-to-sum formula?;1/2(cos(14πx) + cos(18πx));algebra;s3;h3;;;;;;;;
trigmodel15;problem;Identifying Phenomena Modeled by Sinusoidal Functions;;;;;;;;;https://openstax.org/books/precalculus-2e/pages/7-6-modeling-with-trigonometric-functions;;Modeling with Trigonometric Functions;;
trigmodel15;step;Which of the following physical phenomena are best modeled by sinusoidal functions, characterized by a repeating, wave-like pattern with a consistent period and amplitude?;Phenomena exhibiting periodic, wave-like behavior with consistent amplitude and period;mc;;;Phenomena exhibiting periodic, wave-like behavior with consistent amplitude and period|Phenomena with exponential growth or decay|Phenomena with linear relationships between variables|Phenomena that are random and unpredictable;;;;;;;;
trigmodel15;hint;Characteristics of Sinusoidal Functions;Recall that sinusoidal functions describe oscillations or cycles that repeat over a fixed period and have a consistent maximum and minimum value (amplitude).;;h1;;;;;;;;;;
trigmodel15;scaffold;Identify Key Features;What are the defining characteristics of a sinusoidal function's graph?;Periodic, wave-like, consistent amplitude;mc;s1;h1;Periodic, wave-like, consistent amplitude|Exponential growth, linear decay|Random fluctuations, unpredictable peaks|Constant value, no change over time;;;;;;;
trigmodel15;hint;Examples of Periodic Phenomena;Think about natural occurrences or physical systems that naturally repeat in a cycle, like tides, sound waves, or the swing of a pendulum.;;h2;h1;;;;;;;;;
trigmodel15;scaffold;Consider Real-World Examples;Which of these phenomena exhibits a regular, repeating cycle? A) The growth of a tree, B) The height of a tide, C) The trajectory of a thrown ball, D) The population of a city.;B) The height of a tide;mc;s2;h2;A) The growth of a tree|B) The height of a tide|C) The trajectory of a thrown ball|D) The population of a city;;;;;;;
;;;;;;;;;;;;;;;
trigmodel16;problem;Constructing a Trigonometric Model for Daily Temperature;;;;;;;;;https://openstax.org/books/precalculus-2e/pages/7-6-modeling-with-trigonometric-functions;;Modeling with Trigonometric Functions;;
trigmodel16;hint;Parameters of a Sinusoidal Model;A sinusoidal function typically requires information about its amplitude, period, phase shift, and vertical shift (midline) to be fully defined.;;h1;;;;;;;;;;
trigmodel16;scaffold;Identify Key Parameters;What does the amplitude of a temperature model represent?;Half the difference between maximum and minimum temperatures;mc;s1;h1;The highest temperature recorded|The lowest temperature recorded|Half the difference between maximum and minimum temperatures|The average temperature over a year;;;;;;;
trigmodel16;hint;Relating Data to Parameters;Consider how daily temperature data (max, min, time of max/min) can be used to determine these parameters (amplitude, midline, period, phase shift).;;h2;h1;;;;;;;;;
trigmodel16;scaffold;Determine the Period;What is the natural period for a daily temperature cycle?;24 hours;mc;s2;h2;12 hours|24 hours|7 days|30 days;;;;;;;
;;;;;;;;;;;;;;;
trigmodel17;problem;Evaluating Sinusoidal Models for Cumulative Rainfall;;;;;;;;;https://openstax.org/books/precalculus-2e/pages/7-6-modeling-with-trigonometric-functions;;Modeling with Trigonometric Functions;;
trigmodel17;step;Would a sinusoidal function be a good model for cumulative rainfall over the course of a year? Why or why not?;No, because cumulative rainfall generally increases over time, rather than oscillating up and down.;mc;;;No, because cumulative rainfall generally increases over time, rather than oscillating up and down.|Yes, because rainfall patterns are seasonal and repeat annually.|Yes, because the amount of rainfall varies throughout the year.|No, because rainfall is too unpredictable to be modeled by any function.;;;;;;;;
trigmodel17;hint;Nature of Cumulative Data;Cumulative data, by definition, adds up over time. Think about whether a sinusoidal function, which oscillates, can accurately represent a quantity that only increases (or decreases monotonically).;;h1;;;;;;;;;;
trigmodel17;scaffold;Define Cumulative;What does 'cumulative' mean in the context of rainfall?;The total amount of rainfall collected up to a certain point in time;mc;s1;h1;The total amount of rainfall collected up to a certain point in time|The average rainfall per day|The maximum rainfall in a single event|The rate at which rain falls;;;;;;;
trigmodel17;hint;Sinusoidal Function Behavior;Recall that sinusoidal functions go up and down, repeating their values. Does cumulative rainfall ever decrease over the course of a year?;;h2;h1;;;;;;;;;
trigmodel17;scaffold;Analyze Sinusoidal Pattern;If a function models cumulative rainfall, should its graph ever go downwards?;No;mc;s2;h2;Yes|No|Sometimes|Only if there is a drought;;;;;;;
trigmodel18;problem;Explain the Effect of a Damping Factor on Harmonic Motion Functions;;;;;;;;;https://openstax.org/books/precalculus-2e/pages/7-6-modeling-with-trigonometric-functions;;Modeling with Trigonometric Functions;;
trigmodel18;step;Which of the following best describes the effect of a damping factor on the graphs of harmonic motion functions?;The amplitude of the oscillations decreases over time;mc;;;The amplitude of the oscillations decreases over time.|The frequency of the oscillations increases over time.|The phase shift of the oscillations changes periodically.|The vertical shift of the oscillations increases over time.;;;;;;;;
trigmodel18;hint;Understanding Damping;Recall what a damping factor represents in the context of oscillations. What physical phenomenon does it model?;;h1;;;;;;;;;;
trigmodel18;scaffold;Definition of Damping;Damping is typically associated with the gradual loss of energy in an oscillating system. What effect does this loss of energy have on the oscillation's magnitude?;It causes the magnitude to decrease.;mc;s1;h1;It causes the magnitude to decrease.|It causes the magnitude to increase.|It causes the frequency to change.|It causes the phase to shift.;;;;;;;
trigmodel18;hint;Connecting Damping to Graph Features;How does the magnitude of an oscillation relate to its graph? Which characteristic of the graph is directly affected by the magnitude?;;h2;h1;;;;;;;;;
trigmodel18;scaffold;Identifying Graph Characteristics;In a sinusoidal graph, which parameter represents the maximum displacement or intensity of the oscillation?;Amplitude;mc;s2;h2;Amplitude|Period|Phase Shift|Vertical Shift;;;;;;;
trigmodel18;hint;Synthesizing the Effect;Combine your understanding of damping and graph characteristics. If damping causes the magnitude to decrease, what happens to the amplitude over time?;;h3;h2;;;;;;;;;
trigmodel18;scaffold;Describing the Overall Effect;If the amplitude decreases over time, how would you describe the overall shape of the graph of a damped harmonic motion function?;The oscillations get smaller.;mc;s3;h3;The oscillations get smaller.|The oscillations get larger.|The oscillations shift left.|The oscillations shift up.;;;;;;;
;;;;;;;;;;;;;;;
trigmodel19;problem;Finding a Formula for a Trigonometric Function from a Table;For the following exercises, find a possible formula for the trigonometric function represented by the given table of values.;;;;;;;;https://openstax.org/books/precalculus-2e/pages/7-6-modeling-with-trigonometric-functions;;Modeling with Trigonometric Functions;;
trigmodel19;step;Find a possible formula for the trigonometric function represented by the given table of values: $$x$$ $$y$$ $$0$$ $$−4$$ $$3$$ $$−1$$ $$6$$ $$2$$ $$9$$ $$−1$$ $$12$$ $$−4$$ $$15$$ $$−1$$ $$18$$ $$2$$;$$y = -3\cos\left(\frac{\pi}{6}x\right) - 1$$;algebra;;;;;;;;;;;
trigmodel19;hint;Identify Key Features from the Table;To find the formula, first determine the amplitude, vertical shift, period, and phase shift from the given table of values.;;;h1;;;;;;;;;
trigmodel19;scaffold;Find the Maximum and Minimum Values;What are the maximum and minimum y-values in the table?;Max = 2, Min = -4;algebra;s1;h1;;;;;;;;
trigmodel19;hint;Calculate Amplitude and Vertical Shift;Use the maximum and minimum y-values to calculate the amplitude (A) and the vertical shift (D). Recall that $$A = \frac{y_{max} - y_{min}}{2}$$ and $$D = \frac{y_{max} + y_{min}}{2}$$.;;h2;h1;;;;;;;;;
trigmodel19;scaffold;Calculate A and D;What are the values of A and D?;A = 3, D = -1;algebra;s2;h2;;;;;;;;
trigmodel19;hint;Determine the Period;Observe the x-values at which the function completes one full cycle. This will give you the period (P). Then use $$B = \frac{2\pi}{P}$$ to find B.;;;h3;h2;;;;;;;;
trigmodel19;scaffold;Find P and B;What is the period P, and what is the value of B?;P = 12, $$B = \frac{\pi}{6}$$;algebra;s3;h3;;;;;;;;
trigmodel19;hint;Determine the Phase Shift and Function Type;Look at the y-value at x=0. Does it start at a maximum, minimum, or midline? This helps determine if it's a sine or cosine function and its phase shift (C).;;h4;h3;;;;;;;;;
trigmodel19;scaffold;Identify Starting Point;At x=0, the y-value is -4. Is this a maximum, minimum, or the vertical shift value?;Minimum;mc;s4;h4;Minimum|Maximum|Midline (vertical shift value)|Neither;;;;;;;
trigmodel19;hint;Construct the Formula;Since the function starts at a minimum, a negative cosine function is a good choice with no phase shift (C=0). Combine A, B, C, and D into the general form $$y = A\cos(B(x-C)) + D$$ or $$y = -A\cos(B(x-C)) + D$$.;;h5;h4;;;;;;;;;
trigmodel19;scaffold;Write the Final Formula;Using A=3, B=π/6, D=-1, and recognizing it starts at a minimum (suggesting a negative cosine function with C=0), write the formula.;$$y = -3\cos\left(\frac{\pi}{6}x\right) - 1$$;algebra;s5;h5;;;;;;;;
;;;;;;;;;;;;;;;
trigmodel20;problem;Finding a Formula for a Trigonometric Function from a Table;For the following exercises, find a possible formula for the trigonometric function represented by the given table of values.;;;;;;;;https://openstax.org/books/precalculus-2e/pages/7-6-modeling-with-trigonometric-functions;;Modeling with Trigonometric Functions;;
trigmodel20;step;Find a possible formula for the trigonometric function represented by the given table of values: $$x$$ $$y$$ $$0$$ $$5$$ $$2$$ $$1$$ $$4$$ $$−3$$ $$6$$ $$1$$ $$8$$ $$5$$ $$10$$ $$1$$ $$12$$ $$−3$$;$$y = 4\cos\left(\frac{\pi}{4}x\right) + 1$$;algebra;;;;;;;;;;;
trigmodel20;hint;Identify Key Features from the Table;To find the formula, first determine the amplitude, vertical shift, period, and phase shift from the given table of values.;;;h1;;;;;;;;;
trigmodel20;scaffold;Find the Maximum and Minimum Values;What are the maximum and minimum y-values in the table?;Max = 5, Min = -3;algebra;s1;h1;;;;;;;;
trigmodel20;hint;Calculate Amplitude and Vertical Shift;Use the maximum and minimum y-values to calculate the amplitude (A) and the vertical shift (D). Recall that $$A = \frac{y_{max} - y_{min}}{2}$$ and $$D = \frac{y_{max} + y_{min}}{2}$$.;;h2;h1;;;;;;;;;
trigmodel20;scaffold;Calculate A and D;What are the values of A and D?;A = 4, D = 1;algebra;s2;h2;;;;;;;;
trigmodel20;hint;Determine the Period;Observe the x-values at which the function completes one full cycle. This will give you the period (P). Then use $$B = \frac{2\pi}{P}$$ to find B.;;;h3;h2;;;;;;;;
trigmodel20;scaffold;Find P and B;What is the period P, and what is the value of B?;P = 8, $$B = \frac{\pi}{4}$$;algebra;s3;h3;;;;;;;;
trigmodel20;hint;Determine the Phase Shift and Function Type;Look at the y-value at x=0. Does it start at a maximum, minimum, or midline? This helps determine if it's a sine or cosine function and its phase shift (C).;;h4;h3;;;;;;;;;
trigmodel20;scaffold;Identify Starting Point;At x=0, the y-value is 5. Is this a maximum, minimum, or the vertical shift value?;Maximum;mc;s4;h4;Maximum|Minimum|Midline (vertical shift value)|Neither;;;;;;;
trigmodel20;hint;Construct the Formula;Since the function starts at a maximum, a positive cosine function is a good choice with no phase shift (C=0). Combine A, B, C, and D into the general form $$y = A\cos(B(x-C)) + D$$.;;h5;h4;;;;;;;;;
trigmodel20;scaffold;Write the Final Formula;Using A=4, B=π/4, D=1, and recognizing it starts at a maximum (suggesting a positive cosine function with C=0), write the formula.;$$y = 4\cos\left(\frac{\pi}{4}x\right) + 1$$;algebra;s5;h5;;;;;;;;
trigmodel21;problem;Finding a Formula for a Trigonometric Function from a Table;For the following exercises, find a possible formula for the trigonometric function represented by the given table of values.;;;;;;;;https://openstax.org/books/precalculus-2e/pages/7-6-modeling-with-trigonometric-functions;;Modeling with Trigonometric Functions;;
trigmodel21;step;Find a formula for the trigonometric function represented by the table: $$x$$ $$y$$ $$0$$ $$2$$ $$\frac{π}{4}$$ $$7$$ $$\frac{π}{2}$$ $$2$$ $$\frac{3π}{4}$$ $$−3$$ $$π$$ $$2$$ $$\frac{5π}{4}$$ $$7$$ $$\frac{3π}{2}$$ $$2$$;$$y = 5 \sin(2x) + 2$$;algebra;;;;;;;;;;;
trigmodel21;hint;Identify key features;To find the formula, identify the midline, amplitude, period, and phase shift from the table.;;;h1,,,,,,,,,;;;;;;;;;
trigmodel21;scaffold;Identify max and min;What are the maximum and minimum y-values in the table?;Max = 7, Min = -3;algebra;s1;h1,,,,,,,,;;;;;;;;
trigmodel21;hint;Calculate midline and amplitude;Recall that the midline D = (Max + Min) / 2 and the amplitude A = (Max - Min) / 2.;;;h2,h1,,,,,,,,,;;;;;;;;;
trigmodel21;scaffold;Determine D and A;What are the values for the midline (D) and amplitude (A)?;D = 2, A = 5;algebra;s2;h2,,,,,,,,;;;;;;;;
trigmodel21;hint;Determine the period;The period P is the horizontal distance for one complete cycle. Use P = 2π/B to find B.;;;h3,h2,,,,,,,,,;;;;;;;;;
trigmodel21;scaffold;Find P and B;What is the period of the function, and what is the value of B?;P = π, B = 2;algebra;s3;h3,,,,,,,,;;;;;;;;
trigmodel21;hint;Choose function type and phase shift;Observe the function's behavior at x=0 to decide if it's a sine or cosine function and if there's a phase shift.;;;h4,h3,,,,,,,,,;;;;;;;;;
trigmodel21;scaffold;Function at x=0;At x=0, is the function at its midline, maximum, or minimum? Is it increasing or decreasing?;Midline, increasing;mc;s4;h4;Midline, increasing|Midline, decreasing|Maximum|Minimum,,,,,,,,;;;;;;;
;;;;;;;;;;;;;;;
trigmodel22;problem;Finding a Formula for a Trigonometric Function from a Table;For the following exercises, find a possible formula for the trigonometric function represented by the given table of values.;;;;;;;;https://openstax.org/books/precalculus-2e/pages/7-6-modeling-with-trigonometric-functions;;Modeling with Trigonometric Functions;;
trigmodel22;step;Find a formula for the trigonometric function represented by the table: $$x$$ $$y$$ $$0$$ $$1$$ $$1$$ $$−3$$ $$2$$ $$−7$$ $$3$$ $$−3$$ $$4$$ $$1$$ $$5$$ $$−3$$ $$6$$ $$−7$$;$$y = 4 \cos\left(\frac{\pi}{2}x\right) - 3$$;algebra;;;;;;;;;;;
trigmodel22;hint;Identify key features;To find the formula, identify the midline, amplitude, period, and phase shift from the table.;;;h1,,,,,,,,,;;;;;;;;;
trigmodel22;scaffold;Identify max and min;What are the maximum and minimum y-values in the table?;Max = 1, Min = -7;algebra;s1;h1,,,,,,,,;;;;;;;;
trigmodel22;hint;Calculate midline and amplitude;Recall that the midline D = (Max + Min) / 2 and the amplitude A = (Max - Min) / 2.;;;h2,h1,,,,,,,,,;;;;;;;;;
trigmodel22;scaffold;Determine D and A;What are the values for the midline (D) and amplitude (A)?;D = -3, A = 4;algebra;s2;h2,,,,,,,,;;;;;;;;
trigmodel22;hint;Determine the period;The period P is the horizontal distance for one complete cycle. Use P = 2π/B to find B.;;;h3,h2,,,,,,,,,;;;;;;;;;
trigmodel22;scaffold;Find P and B;What is the period of the function, and what is the value of B?;P = 4, B = π/2;algebra;s3;h3,,,,,,,,;;;;;;;;
trigmodel22;hint;Choose function type and phase shift;Observe the function's behavior at x=0 to decide if it's a sine or cosine function and if there's a phase shift.;;;h4,h3,,,,,,,,,;;;;;;;;;
trigmodel22;scaffold;Function at x=0;At x=0, is the function at its midline, maximum, or minimum?;Maximum;mc;s4;h4;Maximum|Minimum|Midline, increasing|Midline, decreasing,,,,,,,,;;;;;;;
;;;;;;;;;;;;;;;
trigmodel23;problem;Finding a Formula for a Trigonometric Function from a Table;For the following exercises, find a possible formula for the trigonometric function represented by the given table of values.;;;;;;;;https://openstax.org/books/precalculus-2e/pages/7-6-modeling-with-trigonometric-functions;;Modeling with Trigonometric Functions;;
trigmodel23;step;Find a formula for the trigonometric function represented by the table: $$x$$ $$y$$ $$0$$ $$−2$$ $$1$$ $$4$$ $$2$$ $$10$$ $$3$$ $$4$$ $$4$$ $$−2$$ $$5$$ $$4$$ $$6$$ $$10$$;$$y = -6 \cos\left(\frac{\pi}{2}x\right) + 4$$;algebra;;;;;;;;;;;
trigmodel23;hint;Identify key features;To find the formula, identify the midline, amplitude, period, and phase shift from the table.;;;h1,,,,,,,,,;;;;;;;;;
trigmodel23;scaffold;Identify max and min;What are the maximum and minimum y-values in the table?;Max = 10, Min = -2;algebra;s1;h1,,,,,,,,;;;;;;;;
trigmodel23;hint;Calculate midline and amplitude;Recall that the midline D = (Max + Min) / 2 and the amplitude A = (Max - Min) / 2.;;;h2,h1,,,,,,,,,;;;;;;;;;
trigmodel23;scaffold;Determine D and A;What are the values for the midline (D) and amplitude (A)?;D = 4, A = 6;algebra;s2;h2,,,,,,,,;;;;;;;;
trigmodel23;hint;Determine the period;The period P is the horizontal distance for one complete cycle. Use P = 2π/B to find B.;;;h3,h2,,,,,,,,,;;;;;;;;;
trigmodel23;scaffold;Find P and B;What is the period of the function, and what is the value of B?;P = 4, B = π/2;algebra;s3;h3,,,,,,,,;;;;;;;;
trigmodel23;hint;Choose function type and phase shift;Observe the function's behavior at x=0 to decide if it's a sine or cosine function and if there's a phase shift.;;;h4,h3,,,,,,,,,;;;;;;;;;
trigmodel23;scaffold;Function at x=0;At x=0, is the function at its midline, maximum, or minimum?;Minimum;mc;s4;h4;Minimum|Maximum|Midline, increasing|Midline, decreasing,,,,,,,,;;;;;;;
trigmodel24;problem;Finding a Trigonometric Function from a Table of Values;For the following exercises, find a possible formula for the trigonometric function represented by the given table of values.;;;;;;;;https://openstax.org/books/precalculus-2e/pages/7-6-modeling-with-trigonometric-functions;;Modeling with Trigonometric Functions;;
trigmodel24;step;Find a possible formula for the trigonometric function represented by the given table of values: $$x$$ $$y$$ $$0$$ $$5$$ $$1$$ $$−3$$ $$2$$ $$5$$ $$3$$ $$13$$ $$4$$ $$5$$ $$5$$ $$−3$$ $$6$$ $$5$$;$;$-8 \sin(\frac{\pi}{2}x) + 5$;algebra;;;;;;;;;;
trigmodel24;hint;Identify key features;Determine the minimum and maximum y-values, the midline, and the amplitude from the table.;;;h1;;;;;;;;;
trigmodel24;scaffold;Find min and max;What are the minimum and maximum values of y in the table?;Min: -3, Max: 13;algebra;s1;h1;;;;;;;;
trigmodel24;scaffold;Calculate midline;The midline D is the average of the maximum and minimum values. What is D?;5;numeric;s2;h1;;;;;;;;
trigmodel24;scaffold;Calculate amplitude;The amplitude A is half the difference between the maximum and minimum values. What is A?;8;numeric;s3;h1;;;;;;;;
trigmodel24;hint;Determine the period;Observe the x-interval over which the y-values complete one full cycle to find the period P. Then calculate B using $P = \frac{2\pi}{B}$.;;;h2;h1;;;;;;;;
trigmodel24;scaffold;Find the period;How many units of x does it take for the y-values to repeat a full cycle?;4;numeric;s4;h2;;;;;;;;
trigmodel24;scaffold;Calculate B;Using the period P, calculate the value of B where $P = \frac{2\pi}{B}$.;$\frac{\pi}{2}$;algebra;s5;h2;;;;;;;;
trigmodel24;hint;Choose function type and phase;Decide whether a sine or cosine function (and if it's reflected) best fits the starting point (x=0) relative to the midline. A sine function starts at the midline, a cosine function starts at an extremum.;;;h3;h2;;;;;;;;
trigmodel24;scaffold;Formulate the equation;Combine the amplitude A, B value, midline D, and the choice of sine/cosine with reflection to write the formula $f(x) = A \sin(B(x-C)) + D$ or $f(x) = A \cos(B(x-C)) + D$.;$-8 \sin(\frac{\pi}{2}x) + 5$;algebra;s7;h3;;;;;;;;
;;;;;;;;;;;;;;;
trigmodel25;problem;Finding a Trigonometric Function from a Table of Values;For the following exercises, find a possible formula for the trigonometric function represented by the given table of values.;;;;;;;;https://openstax.org/books/precalculus-2e/pages/7-6-modeling-with-trigonometric-functions;;Modeling with Trigonometric Functions;;
trigmodel25;step;Find a possible formula for the trigonometric function represented by the given table of values: $$x$$ $$y$$ $$−3$$ $$−1−\sqrt{2}$$ $$−2$$ $$−1$$ $$−1$$ $$1−\sqrt{2}$$ $$0$$ $$0$$ $$1$$ $$\sqrt{2}−1$$ $$2$$ $$1$$ $$3$$ $$\sqrt{2}+1$$;$;$\tan(\frac{\pi}{8}x)$;algebra;;;;;;;;;;
trigmodel25;hint;Identify function type;Observe the range of y-values. If they span from negative infinity to positive infinity, consider tangent or cotangent. If they are bounded, consider sine or cosine.;;;h1;;;;;;;;;
trigmodel25;hint;Determine period and B;For tangent functions, the period $P = \frac{\pi}{B}$. Find two x-values where the function repeats or where it passes through the midline with the same slope to determine the period.;;;h2;h1;;;;;;;;
trigmodel25;scaffold;Use a known point;Use a point like (2, 1) and the general form $y = \tan(Bx)$ to solve for B.;$\frac{\pi}{8}$;algebra;s3;h2;;;;;;;;
trigmodel25;hint;Formulate the equation;Combine the identified function type and the B value to write the formula.;;;h3;h2;;;;;;;;
;;;;;;;;;;;;;;;
trigmodel26;problem;Finding a Trigonometric Function from a Table of Values;For the following exercises, find a possible formula for the trigonometric function represented by the given table of values.;;;;;;;;https://openstax.org/books/precalculus-2e/pages/7-6-modeling-with-trigonometric-functions;;Modeling with Trigonometric Functions;;
trigmodel26;step;Find a possible formula for the trigonometric function represented by the given table of values: $$x$$ $$y$$ $$−1$$ $$\sqrt{3}−2$$ $$0$$ $$0$$ $$1$$ $$2−\sqrt{3}$$ $$2$$ $$\frac{\sqrt{3}}{3}$$ $$3$$ $$1$$ $$4$$ $$\sqrt{3}$$ $$5$$ $$2+\sqrt{3}$$;$;$\tan(\frac{\pi}{12}x)$;algebra;;;;;;;;;;
trigmodel26;hint;Identify function type;Observe the range of y-values. If they span from negative infinity to positive infinity, consider tangent or cotangent. If they are bounded, consider sine or cosine.;;;h1;;;;;;;;;
trigmodel26;hint;Determine period and B;For tangent functions, the period $P = \frac{\pi}{B}$. Find a point (x,y) from the table where y is a known tangent value to solve for B.;;;h2;h1;;;;;;;;
trigmodel26;scaffold;Use a known point;Use a point like (3, 1) and the general form $y = \tan(Bx)$ to solve for B.;$\frac{\pi}{12}$;algebra;s3;h2;;;;;;;;
trigmodel26;hint;Formulate the equation;Combine the identified function type and the B value to write the formula.;;;h3;h2;;;;;;;;
